date,port,wind_speed_kmh,wave_height_m,precipitation_mm
2026-08-28,Los Angeles,12.0,1.04,0.0
2026-08-28,Rotterdam,20.3,,9.7
2026-08-28,Shanghai,20.0,,4.8
2026-08-28,Singapore,15.6,0.42,3.1
2026-08-29,Los Angeles,12.7,1.26,0.0
2026-08-29,Rotterdam,24.7,,12.3
2026-08-29,Shanghai,13.0,,1.3
2026-08-29,Singapore,14.3,0.36,0.1
2026-08-30,Los Angeles,11.2,1.3,0.0
2026-08-30,Rotterdam,28.6,,7.2
2026-08-30,Shanghai,15.6,,7.4
2026-08-30,Singapore,11.5,0.22,0.2
2026-08-31,Los Angeles,12.5,1.26,0.0
2026-08-31,Rotterdam,23.4,,6.4
2026-08-31,Shanghai,15.7,,14.3
2026-08-31,Singapore,9.3,0.2,2.1
2026-09-01,Los Angeles,14.1,1.02,0.0
2026-09-01,Rotterdam,15.0,,0.8
2026-09-01,Shanghai,10.3,,0.2
2026-09-01,Singapore,15.8,0.42,3.7
2026-09-02,Los Angeles,13.0,0.94,0.0
2026-09-02,Rotterdam,16.2,,0.7
2026-09-02,Shanghai,15.5,,26.5
2026-09-02,Singapore,14.7,0.38,0.4
2026-09-03,Los Angeles,14.1,1.04,0.0
2026-09-03,Rotterdam,25.7,,4.4
2026-09-03,Shanghai,17.2,,4.3
2026-09-03,Singapore,13.5,0.36,0.1
2026-09-04,Los Angeles,11.5,1.04,0.0
2026-09-04,Rotterdam,32.9,,3.7
2026-09-04,Shanghai,17.4,,2.9
2026-09-04,Singapore,14.6,0.38,1.0
2026-09-05,Los Angeles,10.9,1.36,0.1
2026-09-05,Rotterdam,21.0,,0.1
2026-09-05,Shanghai,16.1,,0.4
2026-09-05,Singapore,13.4,0.48,0.1
2026-09-06,Los Angeles,12.8,1.34,47.4
2026-09-06,Rotterdam,12.2,,0.1
2026-09-06,Shanghai,12.2,,1.9
2026-09-06,Singapore,13.9,0.44,0.1
2026-09-07,Los Angeles,12.0,1.28,0.3
2026-09-07,Rotterdam,17.9,,0.0
2026-09-07,Shanghai,15.3,,1.5
2026-09-07,Singapore,12.8,0.38,0.7
2026-09-08,Los Angeles,14.0,1.16,4.2
2026-09-08,Rotterdam,18.6,,15.3
2026-09-08,Shanghai,16.4,,0.0
2026-09-08,Singapore,10.8,0.32,0.1
2026-09-09,Los Angeles,16.1,0.92,0.0
2026-09-09,Rotterdam,17.9,,5.9
2026-09-09,Shanghai,18.2,,0.1
2026-09-09,Singapore,12.1,0.28,3.2
2026-09-10,Los Angeles,9.6,0.78,0.0
2026-09-10,Rotterdam,13.3,,0.0
2026-09-10,Shanghai,17.5,,0.7
2026-09-10,Singapore,14.3,0.28,13.2
2026-09-11,Los Angeles,10.3,0.96,0.0
2026-09-11,Rotterdam,16.1,,4.1
2026-09-11,Shanghai,12.7,,2.0
2026-09-11,Singapore,7.6,0.16,36.9
2026-09-12,Los Angeles,10.3,1.04,0.0
2026-09-12,Rotterdam,19.7,,5.1
2026-09-12,Shanghai,11.9,,0.0
2026-09-12,Singapore,8.8,0.16,6.9
2026-09-13,Los Angeles,10.6,1.36,0.0
2026-09-13,Rotterdam,16.3,,16.4
2026-09-13,Shanghai,12.9,,0.0
2026-09-13,Singapore,13.1,0.32,0.5
2026-09-14,Los Angeles,11.2,1.42,0.0
2026-09-14,Rotterdam,14.4,,2.2
2026-09-14,Shanghai,13.6,,0.4
2026-09-14,Singapore,13.2,0.3,2.6
2026-09-15,Los Angeles,13.6,0.92,0.0
2026-09-15,Rotterdam,16.2,,0.1
2026-09-15,Shanghai,14.5,,0.0
2026-09-15,Singapore,11.8,0.32,1.5
2026-09-16,Los Angeles,12.4,0.84,0.0
2026-09-16,Rotterdam,15.5,,4.2
2026-09-16,Shanghai,12.5,,0.0
2026-09-16,Singapore,12.1,0.28,0.0
2026-09-17,Los Angeles,13.3,0.82,0.8
2026-09-17,Rotterdam,23.2,,4.3
2026-09-17,Shanghai,13.0,,0.4
2026-09-17,Singapore,11.7,0.22,0.8
2026-09-18,Los Angeles,13.0,0.78,0.1
2026-09-18,Rotterdam,20.3,,1.3
2026-09-18,Shanghai,11.8,,2.7
2026-09-18,Singapore,10.7,0.2,2.5
2026-09-19,Los Angeles,12.6,0.84,0.1
2026-09-19,Rotterdam,29.3,,1.5
2026-09-19,Shanghai,10.7,,9.5
2026-09-19,Singapore,11.3,0.24,17.5
2026-09-20,Los Angeles,12.8,0.8,0.3
2026-09-20,Rotterdam,20.8,,0.9
2026-09-20,Shanghai,11.0,,0.0
2026-09-20,Singapore,11.4,0.12,12.7
2026-09-21,Los Angeles,12.1,0.74,0.0
2026-09-21,Rotterdam,12.1,,0.0
2026-09-21,Shanghai,12.0,,0.1
2026-09-21,Singapore,9.0,0.12,17.1
2026-09-22,Los Angeles,14.6,0.78,0.0
2026-09-22,Rotterdam,7.1,,0.0
2026-09-22,Shanghai,10.4,,0.0
2026-09-22,Singapore,13.0,0.14,21.9
2026-09-23,Los Angeles,12.5,0.94,0.0
2026-09-23,Rotterdam,12.2,,0.2
2026-09-23,Shanghai,10.8,,0.0
2026-09-23,Singapore,10.6,0.16,10.3
2026-09-24,Los Angeles,11.5,0.96,0.0
2026-09-24,Rotterdam,10.7,,0.0
2026-09-24,Shanghai,10.3,,0.2
2026-09-24,Singapore,9.7,0.12,2.0
2026-09-25,Los Angeles,12.9,0.9,0.0
2026-09-25,Rotterdam,10.3,,0.0
2026-09-25,Shanghai,11.5,,0.1
2026-09-25,Singapore,10.2,0.18,4.4
2026-09-26,Los Angeles,11.1,0.88,0.0
2026-09-26,Rotterdam,10.3,,0.0
2026-09-26,Shanghai,11.5,,6.9
2026-09-26,Singapore,12.2,0.16,3.8
2026-09-27,Los Angeles,9.6,0.86,0.0
2026-09-27,Rotterdam,10.4,,0.0
2026-09-27,Shanghai,9.9,,11.1
2026-09-27,Singapore,10.3,0.12,31.6
