date,precipitation_sum_mm,wind_speed_max_kmh,port
01-01-2021,0,17.3,Paradip
02-01-2021,0,14.6,Paradip
03-01-2021,0,16.6,Paradip
04-01-2021,0,13.7,Paradip
05-01-2021,0,13.6,Paradip
06-01-2021,0,10.2,Paradip
07-01-2021,0,9.8,Paradip
08-01-2021,0,14,Paradip
09-01-2021,0,11.7,Paradip
10-01-2021,0,11.6,Paradip
11-01-2021,0,11.2,Paradip
12-01-2021,0,13.8,Paradip
13-01-2021,1,17.2,Paradip
14-01-2021,0,18.6,Paradip
15-01-2021,0.1,13.6,Paradip
16-01-2021,0,13.7,Paradip
17-01-2021,0,18.9,Paradip
18-01-2021,0,11.4,Paradip
19-01-2021,0,19.6,Paradip
20-01-2021,0,21.6,Paradip
21-01-2021,0,19.4,Paradip
22-01-2021,0,12.4,Paradip
23-01-2021,0,15,Paradip
24-01-2021,0,13.8,Paradip
25-01-2021,0.4,16.6,Paradip
26-01-2021,1.4,18.7,Paradip
27-01-2021,0.1,17.9,Paradip
28-01-2021,0,16.8,Paradip
29-01-2021,0,14.1,Paradip
30-01-2021,0,18.9,Paradip
31-01-2021,0.1,20.7,Paradip
01-02-2021,0,15.4,Paradip
02-02-2021,0,13.7,Paradip
03-02-2021,0,14.2,Paradip
04-02-2021,0,12.5,Paradip
05-02-2021,0,10.1,Paradip
06-02-2021,0,13.2,Paradip
07-02-2021,0,18.9,Paradip
08-02-2021,0,17,Paradip
09-02-2021,0,11,Paradip
10-02-2021,0,15.5,Paradip
11-02-2021,0,16.7,Paradip
12-02-2021,0,15.6,Paradip
13-02-2021,0,18,Paradip
14-02-2021,0,20,Paradip
15-02-2021,0,16.2,Paradip
16-02-2021,0,14.6,Paradip
17-02-2021,0,16.5,Paradip
18-02-2021,0,15.5,Paradip
19-02-2021,0,17.7,Paradip
20-02-2021,0.8,16.7,Paradip
21-02-2021,0,15.9,Paradip
22-02-2021,0,16,Paradip
23-02-2021,0,20.2,Paradip
24-02-2021,0,13.5,Paradip
25-02-2021,0,17.6,Paradip
26-02-2021,0,22.9,Paradip
27-02-2021,0,17.5,Paradip
28-02-2021,0,20.5,Paradip
01-03-2021,0,23.7,Paradip
02-03-2021,0,20.5,Paradip
03-03-2021,0,18.1,Paradip
04-03-2021,0,16.4,Paradip
05-03-2021,0,26.7,Paradip
06-03-2021,0,24.4,Paradip
07-03-2021,0,17.7,Paradip
08-03-2021,0,21.9,Paradip
09-03-2021,0,24.1,Paradip
10-03-2021,0,27.3,Paradip
11-03-2021,0,22.6,Paradip
12-03-2021,0,18.5,Paradip
13-03-2021,0,16.4,Paradip
14-03-2021,0.1,14.7,Paradip
15-03-2021,0,21.3,Paradip
16-03-2021,0,17.7,Paradip
17-03-2021,0,18.1,Paradip
18-03-2021,0,20.2,Paradip
19-03-2021,0,20.5,Paradip
20-03-2021,0,15.5,Paradip
21-03-2021,0,13,Paradip
22-03-2021,0,15.2,Paradip
23-03-2021,0,12.2,Paradip
24-03-2021,0,13,Paradip
25-03-2021,0,18.5,Paradip
26-03-2021,0,15.1,Paradip
27-03-2021,0,13.2,Paradip
28-03-2021,0,24.4,Paradip
29-03-2021,0,26,Paradip
30-03-2021,0,30.4,Paradip
31-03-2021,0,28.3,Paradip
01-04-2021,0,24.2,Paradip
02-04-2021,0,23.1,Paradip
03-04-2021,0,20.2,Paradip
04-04-2021,0,14.6,Paradip
05-04-2021,0,15.4,Paradip
06-04-2021,0,22.5,Paradip
07-04-2021,0,25.4,Paradip
08-04-2021,0,31.2,Paradip
09-04-2021,0,23.6,Paradip
10-04-2021,0,19.6,Paradip
11-04-2021,0,21.3,Paradip
12-04-2021,0,19.9,Paradip
13-04-2021,0,20.8,Paradip
14-04-2021,0,22.6,Paradip
15-04-2021,0,26.3,Paradip
16-04-2021,0,21.2,Paradip
17-04-2021,0,22.5,Paradip
18-04-2021,0,25.2,Paradip
19-04-2021,0.1,24.4,Paradip
20-04-2021,0,27,Paradip
21-04-2021,0,26.7,Paradip
22-04-2021,0,26.3,Paradip
23-04-2021,0,17,Paradip
24-04-2021,0,20.6,Paradip
25-04-2021,0,23.1,Paradip
26-04-2021,0,27.4,Paradip
27-04-2021,0,27,Paradip
28-04-2021,0,24.3,Paradip
29-04-2021,0,21.4,Paradip
30-04-2021,0.1,24.5,Paradip
01-05-2021,0,27.6,Paradip
02-05-2021,0,27.3,Paradip
03-05-2021,0,20.6,Paradip
04-05-2021,11.9,19.3,Paradip
05-05-2021,5,20.9,Paradip
06-05-2021,0,20.5,Paradip
07-05-2021,0,22.7,Paradip
08-05-2021,0.7,19.1,Paradip
09-05-2021,0,22.1,Paradip
10-05-2021,1.4,24.4,Paradip
11-05-2021,2.4,24.7,Paradip
12-05-2021,0.4,24.7,Paradip
13-05-2021,2.7,26.2,Paradip
14-05-2021,0,28.7,Paradip
15-05-2021,0,26.2,Paradip
16-05-2021,0.1,23.6,Paradip
17-05-2021,0,25.7,Paradip
18-05-2021,0,28.6,Paradip
19-05-2021,0,27.6,Paradip
20-05-2021,0.5,28.1,Paradip
21-05-2021,3.7,25,Paradip
22-05-2021,1.1,15,Paradip
23-05-2021,0.4,12.6,Paradip
24-05-2021,48.1,30.7,Paradip
25-05-2021,97.5,54,Paradip
26-05-2021,111.5,48.7,Paradip
27-05-2021,0.4,32.4,Paradip
28-05-2021,0.6,26.9,Paradip
29-05-2021,0.1,20.8,Paradip
30-05-2021,0.7,24.5,Paradip
31-05-2021,0.3,28.3,Paradip
01-06-2021,0.2,23.9,Paradip
02-06-2021,6.4,26.7,Paradip
03-06-2021,1,20.2,Paradip
04-06-2021,2.5,25.6,Paradip
05-06-2021,0,27.5,Paradip
06-06-2021,0,27.2,Paradip
07-06-2021,0,27.4,Paradip
08-06-2021,0,27.3,Paradip
09-06-2021,7.9,21.4,Paradip
10-06-2021,29.2,22.7,Paradip
11-06-2021,10.3,15.5,Paradip
12-06-2021,24.6,16.3,Paradip
13-06-2021,39.8,20.3,Paradip
14-06-2021,20.2,22,Paradip
15-06-2021,1.1,22.7,Paradip
16-06-2021,5.5,20.2,Paradip
17-06-2021,16.1,22.1,Paradip
18-06-2021,11.9,24.9,Paradip
19-06-2021,18.5,27,Paradip
20-06-2021,3.9,21.3,Paradip
21-06-2021,0.8,14.8,Paradip
22-06-2021,21,16.3,Paradip
23-06-2021,14,26.6,Paradip
24-06-2021,7.3,23.4,Paradip
25-06-2021,3,19.6,Paradip
26-06-2021,1.1,19.8,Paradip
27-06-2021,7.2,24.3,Paradip
28-06-2021,1.9,26.7,Paradip
29-06-2021,1,28.7,Paradip
30-06-2021,0.7,29.4,Paradip
01-07-2021,2.4,32.4,Paradip
02-07-2021,17.2,22.1,Paradip
03-07-2021,7.6,18.8,Paradip
04-07-2021,15.8,17.8,Paradip
05-07-2021,4.3,18.2,Paradip
06-07-2021,3.9,20.5,Paradip
07-07-2021,14,22.8,Paradip
08-07-2021,14.7,20.6,Paradip
09-07-2021,3.5,17.2,Paradip
10-07-2021,0.4,14.5,Paradip
11-07-2021,8.6,20.3,Paradip
12-07-2021,3.1,20.4,Paradip
13-07-2021,8,27.3,Paradip
14-07-2021,8.5,23.1,Paradip
15-07-2021,2,20.3,Paradip
16-07-2021,1.7,18.6,Paradip
17-07-2021,0.3,20.4,Paradip
18-07-2021,0.9,26.5,Paradip
19-07-2021,2.1,22.9,Paradip
20-07-2021,10,16.9,Paradip
21-07-2021,46.7,13.8,Paradip
22-07-2021,21.7,14.7,Paradip
23-07-2021,14,27.1,Paradip
24-07-2021,1.4,26.8,Paradip
25-07-2021,4.4,21.1,Paradip
26-07-2021,0.4,22.4,Paradip
27-07-2021,4.8,21.3,Paradip
28-07-2021,8,26.3,Paradip
29-07-2021,30.9,29.9,Paradip
30-07-2021,14.2,29.5,Paradip
31-07-2021,4.5,25,Paradip
01-08-2021,1.9,21.5,Paradip
02-08-2021,0.6,20.6,Paradip
03-08-2021,1.1,16.9,Paradip
04-08-2021,2.1,26.4,Paradip
05-08-2021,8.5,16.4,Paradip
06-08-2021,3.5,19.3,Paradip
07-08-2021,3.2,20,Paradip
08-08-2021,10.7,26.6,Paradip
09-08-2021,1.8,25.6,Paradip
10-08-2021,5.8,25.9,Paradip
11-08-2021,1,18.5,Paradip
12-08-2021,10.9,18.3,Paradip
13-08-2021,4.2,15.2,Paradip
14-08-2021,4.9,14.8,Paradip
15-08-2021,1.6,14.6,Paradip
16-08-2021,10.5,17,Paradip
17-08-2021,14.5,25.9,Paradip
18-08-2021,14,30,Paradip
19-08-2021,13.1,26.9,Paradip
20-08-2021,9.3,24,Paradip
21-08-2021,2.3,20.2,Paradip
22-08-2021,1.5,23.3,Paradip
23-08-2021,0.3,26.3,Paradip
24-08-2021,5,22.5,Paradip
25-08-2021,6.1,21,Paradip
26-08-2021,8.6,14.6,Paradip
27-08-2021,23.7,10.4,Paradip
28-08-2021,5.9,17.9,Paradip
29-08-2021,3.2,22.4,Paradip
30-08-2021,7.3,17.7,Paradip
31-08-2021,6.7,20.5,Paradip
01-09-2021,1.2,15.6,Paradip
02-09-2021,0.4,13.5,Paradip
03-09-2021,2.4,13.8,Paradip
04-09-2021,6.5,11.3,Paradip
05-09-2021,14.4,17.7,Paradip
06-09-2021,15.1,24.4,Paradip
07-09-2021,20.4,28.1,Paradip
08-09-2021,19.9,20.4,Paradip
09-09-2021,11.7,16.3,Paradip
10-09-2021,4.4,18.9,Paradip
11-09-2021,33.4,15.3,Paradip
12-09-2021,41.1,26.9,Paradip
13-09-2021,74.1,43.1,Paradip
14-09-2021,40.2,37.6,Paradip
15-09-2021,14.7,23.7,Paradip
16-09-2021,7.1,17.2,Paradip
17-09-2021,3,13.7,Paradip
18-09-2021,4.9,14.5,Paradip
19-09-2021,17.9,12.2,Paradip
20-09-2021,17.2,13.3,Paradip
21-09-2021,20.4,19.1,Paradip
22-09-2021,8.1,19.8,Paradip
23-09-2021,5.7,20.7,Paradip
24-09-2021,1.6,11.7,Paradip
25-09-2021,2.3,15.3,Paradip
26-09-2021,19.8,33,Paradip
27-09-2021,6.1,18.5,Paradip
28-09-2021,4.9,12.9,Paradip
29-09-2021,3.2,21.7,Paradip
30-09-2021,0.7,16.3,Paradip
01-10-2021,1.3,17.4,Paradip
02-10-2021,1.2,18.9,Paradip
03-10-2021,0.7,23.2,Paradip
04-10-2021,1.6,19.2,Paradip
05-10-2021,0.3,13.2,Paradip
06-10-2021,0.7,10.5,Paradip
07-10-2021,1,13.8,Paradip
08-10-2021,1.3,12.6,Paradip
09-10-2021,2.2,8,Paradip
10-10-2021,1,10.9,Paradip
11-10-2021,2.5,13.8,Paradip
12-10-2021,1.1,8.7,Paradip
13-10-2021,0.2,17.2,Paradip
14-10-2021,19.6,20.4,Paradip
15-10-2021,7.9,19.4,Paradip
16-10-2021,14.3,14.4,Paradip
17-10-2021,18.3,13.7,Paradip
18-10-2021,25.2,22.7,Paradip
19-10-2021,17,22.8,Paradip
20-10-2021,18.8,13.6,Paradip
21-10-2021,0,13.7,Paradip
22-10-2021,0,12.2,Paradip
23-10-2021,0,10.3,Paradip
24-10-2021,0,9.4,Paradip
25-10-2021,0,10.8,Paradip
26-10-2021,0.5,17.6,Paradip
27-10-2021,4.9,25.1,Paradip
28-10-2021,17.8,25.3,Paradip
29-10-2021,15.6,15.7,Paradip
30-10-2021,0,17.8,Paradip
31-10-2021,0,16.3,Paradip
01-11-2021,0,16.9,Paradip
02-11-2021,0.2,17.7,Paradip
03-11-2021,1.6,16.4,Paradip
04-11-2021,0,14.6,Paradip
05-11-2021,0,14.8,Paradip
06-11-2021,0,14.5,Paradip
07-11-2021,0,15,Paradip
08-11-2021,0,17.6,Paradip
09-11-2021,0,17.6,Paradip
10-11-2021,0,18.6,Paradip
11-11-2021,0.2,20.7,Paradip
12-11-2021,20.2,13.8,Paradip
13-11-2021,8.6,14.2,Paradip
14-11-2021,6.9,9.9,Paradip
15-11-2021,8.6,10.1,Paradip
16-11-2021,0.8,21.2,Paradip
17-11-2021,0,24.2,Paradip
18-11-2021,0,19.5,Paradip
19-11-2021,0,18.5,Paradip
20-11-2021,0,13.9,Paradip
21-11-2021,0.3,10.3,Paradip
22-11-2021,10.1,14.6,Paradip
23-11-2021,7.9,9.2,Paradip
24-11-2021,1,16.4,Paradip
25-11-2021,0.4,12.9,Paradip
26-11-2021,0.2,12.9,Paradip
27-11-2021,0.1,16.3,Paradip
28-11-2021,0,16.4,Paradip
29-11-2021,0,15.1,Paradip
30-11-2021,0,15.3,Paradip
01-12-2021,0,16.6,Paradip
02-12-2021,0,14.7,Paradip
03-12-2021,15.6,21.7,Paradip
04-12-2021,89.9,31.5,Paradip
05-12-2021,52,23.5,Paradip
06-12-2021,0.1,15.3,Paradip
07-12-2021,0,17.9,Paradip
08-12-2021,0,22.8,Paradip
09-12-2021,34.3,20.1,Paradip
10-12-2021,0,12.2,Paradip
11-12-2021,0.4,15.4,Paradip
12-12-2021,0.1,19.9,Paradip
13-12-2021,0,16.1,Paradip
14-12-2021,0,14,Paradip
15-12-2021,0,10.6,Paradip
16-12-2021,0,15,Paradip
17-12-2021,0,15.8,Paradip
18-12-2021,0,16.1,Paradip
19-12-2021,0,20.9,Paradip
20-12-2021,0,17.9,Paradip
21-12-2021,0,11.5,Paradip
22-12-2021,0,11,Paradip
23-12-2021,0,8.9,Paradip
24-12-2021,0,9.2,Paradip
25-12-2021,0,8.6,Paradip
26-12-2021,0,10.7,Paradip
27-12-2021,3.2,7.9,Paradip
28-12-2021,0,11.3,Paradip
29-12-2021,0,15.5,Paradip
30-12-2021,0,20.7,Paradip
31-12-2021,0,23,Paradip
01-01-2022,0,15,Paradip
02-01-2022,0,15.9,Paradip
03-01-2022,0,16.6,Paradip
04-01-2022,0,14.8,Paradip
05-01-2022,0,11.6,Paradip
06-01-2022,0,9,Paradip
07-01-2022,0,13.5,Paradip
08-01-2022,0,11.4,Paradip
09-01-2022,0,8.7,Paradip
10-01-2022,0,8.2,Paradip
11-01-2022,0,12.6,Paradip
12-01-2022,0.6,14.2,Paradip
13-01-2022,5.1,14.5,Paradip
14-01-2022,9.1,21.5,Paradip
15-01-2022,0,21.5,Paradip
16-01-2022,0,21.7,Paradip
17-01-2022,0,17.3,Paradip
18-01-2022,0,14.4,Paradip
19-01-2022,0,11.5,Paradip
20-01-2022,0,11.6,Paradip
21-01-2022,2.4,13,Paradip
22-01-2022,0.6,11.6,Paradip
23-01-2022,0.8,14.1,Paradip
24-01-2022,3.4,14.8,Paradip
25-01-2022,0.8,12.1,Paradip
26-01-2022,2.7,12.9,Paradip
27-01-2022,0.1,19.2,Paradip
28-01-2022,0,16.1,Paradip
29-01-2022,0,13,Paradip
30-01-2022,0,11.3,Paradip
31-01-2022,0,20.2,Paradip
01-02-2022,0,23.9,Paradip
02-02-2022,0,17.8,Paradip
03-02-2022,0,20.6,Paradip
04-02-2022,14.6,32.5,Paradip
05-02-2022,0.1,12.3,Paradip
06-02-2022,0,12.4,Paradip
07-02-2022,0,14.2,Paradip
08-02-2022,0,15,Paradip
09-02-2022,0,14,Paradip
10-02-2022,0.1,16.9,Paradip
11-02-2022,0,19.6,Paradip
12-02-2022,0,19.9,Paradip
13-02-2022,0,14.3,Paradip
14-02-2022,0,15.2,Paradip
15-02-2022,0,15,Paradip
16-02-2022,0,14.2,Paradip
17-02-2022,0,15.5,Paradip
18-02-2022,0,17,Paradip
19-02-2022,0.3,14.9,Paradip
20-02-2022,12.6,23.8,Paradip
21-02-2022,0,16,Paradip
22-02-2022,0.6,13.5,Paradip
23-02-2022,0.2,13.5,Paradip
24-02-2022,0,17.3,Paradip
25-02-2022,0,17,Paradip
26-02-2022,0,13.2,Paradip
27-02-2022,0,12.3,Paradip
28-02-2022,0,17.6,Paradip
01-03-2022,0,12.2,Paradip
02-03-2022,0,17.7,Paradip
03-03-2022,0,12.1,Paradip
04-03-2022,0,13.1,Paradip
05-03-2022,0,17.9,Paradip
06-03-2022,0,14.8,Paradip
07-03-2022,0,14.8,Paradip
08-03-2022,0,15.3,Paradip
09-03-2022,0,14.3,Paradip
10-03-2022,0,16,Paradip
11-03-2022,0,12.7,Paradip
12-03-2022,0,14,Paradip
13-03-2022,0,14.6,Paradip
14-03-2022,0,14.5,Paradip
15-03-2022,0,18.4,Paradip
16-03-2022,0,24.3,Paradip
17-03-2022,0,21.8,Paradip
18-03-2022,0,15.6,Paradip
19-03-2022,0,19.2,Paradip
20-03-2022,0,21.8,Paradip
21-03-2022,0,19.6,Paradip
22-03-2022,0,20.9,Paradip
23-03-2022,0,25.2,Paradip
24-03-2022,0,30.6,Paradip
25-03-2022,0,29.4,Paradip
26-03-2022,0.6,30.4,Paradip
27-03-2022,0.1,26.8,Paradip
28-03-2022,0,26.3,Paradip
29-03-2022,0,28.2,Paradip
30-03-2022,0.2,29.1,Paradip
31-03-2022,0.2,29.2,Paradip
01-04-2022,0.3,29.8,Paradip
02-04-2022,0.4,30.5,Paradip
03-04-2022,0,30.1,Paradip
04-04-2022,0,28.5,Paradip
05-04-2022,0.1,28.5,Paradip
06-04-2022,0,25.5,Paradip
07-04-2022,0,22.8,Paradip
08-04-2022,0,26.2,Paradip
09-04-2022,0,29.3,Paradip
10-04-2022,0,33.2,Paradip
11-04-2022,0,32.1,Paradip
12-04-2022,0,30.8,Paradip
13-04-2022,0,31.7,Paradip
14-04-2022,0,32.4,Paradip
15-04-2022,0,29.2,Paradip
16-04-2022,0,30.4,Paradip
17-04-2022,0,30.6,Paradip
18-04-2022,0,28.8,Paradip
19-04-2022,0,31.2,Paradip
20-04-2022,0.1,29.6,Paradip
21-04-2022,0.1,31.8,Paradip
22-04-2022,0,28.7,Paradip
23-04-2022,0,24,Paradip
24-04-2022,0,24.7,Paradip
25-04-2022,0,27.2,Paradip
26-04-2022,0,28,Paradip
27-04-2022,0,28.8,Paradip
28-04-2022,0,28.2,Paradip
29-04-2022,0,27.4,Paradip
30-04-2022,0,31.7,Paradip
01-05-2022,0.7,31.6,Paradip
02-05-2022,0,27.8,Paradip
03-05-2022,0.1,30.2,Paradip
04-05-2022,0,28.4,Paradip
05-05-2022,5.8,23.9,Paradip
06-05-2022,0,20.5,Paradip
07-05-2022,0,16.2,Paradip
08-05-2022,0,18.2,Paradip
09-05-2022,6.1,20.5,Paradip
10-05-2022,8.6,24.7,Paradip
11-05-2022,5.2,24.5,Paradip
12-05-2022,0.3,26.5,Paradip
13-05-2022,0,33.5,Paradip
14-05-2022,0,33.3,Paradip
15-05-2022,0.3,29.5,Paradip
16-05-2022,0,30.9,Paradip
17-05-2022,0,29.2,Paradip
18-05-2022,0,27.4,Paradip
19-05-2022,0,32.7,Paradip
20-05-2022,0,33.4,Paradip
21-05-2022,3.3,30.5,Paradip
22-05-2022,2.1,26.8,Paradip
23-05-2022,0.9,19.3,Paradip
24-05-2022,0,16.3,Paradip
25-05-2022,0,20.2,Paradip
26-05-2022,0,28.7,Paradip
27-05-2022,0,21.4,Paradip
28-05-2022,0.4,19.5,Paradip
29-05-2022,0,23.9,Paradip
30-05-2022,0,18.7,Paradip
31-05-2022,0,26.6,Paradip
01-06-2022,0,22.7,Paradip
02-06-2022,0.1,29,Paradip
03-06-2022,0.1,27.2,Paradip
04-06-2022,1.3,31.4,Paradip
05-06-2022,0,30.1,Paradip
06-06-2022,0,29.5,Paradip
07-06-2022,0,30.6,Paradip
08-06-2022,0.2,28.6,Paradip
09-06-2022,1.2,28.6,Paradip
10-06-2022,6.7,31.6,Paradip
11-06-2022,0.1,35.9,Paradip
12-06-2022,0,33.5,Paradip
13-06-2022,0,29.2,Paradip
14-06-2022,0.2,29.2,Paradip
15-06-2022,4.7,26.6,Paradip
16-06-2022,0.8,27.7,Paradip
17-06-2022,1.4,32.5,Paradip
18-06-2022,0.7,30.5,Paradip
19-06-2022,6.4,29.7,Paradip
20-06-2022,9.8,25.4,Paradip
21-06-2022,9.9,25.9,Paradip
22-06-2022,5.5,23.1,Paradip
23-06-2022,5.9,23.8,Paradip
24-06-2022,30.7,24.3,Paradip
25-06-2022,21.2,23.7,Paradip
26-06-2022,2.1,22.8,Paradip
27-06-2022,1.8,17.7,Paradip
28-06-2022,0.8,21.6,Paradip
29-06-2022,1,23.4,Paradip
30-06-2022,2.5,24.2,Paradip
01-07-2022,18.6,20.7,Paradip
02-07-2022,15.6,18.3,Paradip
03-07-2022,12,13.6,Paradip
04-07-2022,0.9,14.4,Paradip
05-07-2022,18.9,13.2,Paradip
06-07-2022,2.8,20.9,Paradip
07-07-2022,2.7,18.1,Paradip
08-07-2022,8.8,19.7,Paradip
09-07-2022,9.6,21.6,Paradip
10-07-2022,3.3,23.6,Paradip
11-07-2022,4.7,24.4,Paradip
12-07-2022,3,21.2,Paradip
13-07-2022,23.7,17.7,Paradip
14-07-2022,11.9,15.8,Paradip
15-07-2022,8.3,12.1,Paradip
16-07-2022,28.7,13.8,Paradip
17-07-2022,16.9,28.2,Paradip
18-07-2022,9.6,33.3,Paradip
19-07-2022,2.1,25.5,Paradip
20-07-2022,11.3,23.6,Paradip
21-07-2022,11,22.1,Paradip
22-07-2022,7.4,16.7,Paradip
23-07-2022,44.8,21.7,Paradip
24-07-2022,13.5,27.1,Paradip
25-07-2022,13.8,21.2,Paradip
26-07-2022,1.9,18.2,Paradip
27-07-2022,0.9,18.1,Paradip
28-07-2022,0,17.2,Paradip
29-07-2022,0.2,21.4,Paradip
30-07-2022,1.8,23,Paradip
31-07-2022,6.2,24.2,Paradip
01-08-2022,7.2,19.2,Paradip
02-08-2022,10.7,17.3,Paradip
03-08-2022,0.6,14.1,Paradip
04-08-2022,0.8,16.4,Paradip
05-08-2022,14.2,12.6,Paradip
06-08-2022,32.6,16,Paradip
07-08-2022,25,20.4,Paradip
08-08-2022,8,24,Paradip
09-08-2022,11.8,29.1,Paradip
10-08-2022,38.8,28.6,Paradip
11-08-2022,16.8,25.1,Paradip
12-08-2022,16.3,17.6,Paradip
13-08-2022,115.1,23.2,Paradip
14-08-2022,42.7,35.4,Paradip
15-08-2022,3.3,36.2,Paradip
16-08-2022,1.2,24.8,Paradip
17-08-2022,5.9,14.8,Paradip
18-08-2022,7.9,19.3,Paradip
19-08-2022,44.9,26.2,Paradip
20-08-2022,4.8,27.2,Paradip
21-08-2022,1.1,23.8,Paradip
22-08-2022,5,14.5,Paradip
23-08-2022,17.6,11.9,Paradip
24-08-2022,37.8,16.4,Paradip
25-08-2022,0.8,18.3,Paradip
26-08-2022,1,18.8,Paradip
27-08-2022,4.8,22.6,Paradip
28-08-2022,10.4,18.9,Paradip
29-08-2022,0.6,17.2,Paradip
30-08-2022,0.9,13.4,Paradip
31-08-2022,0.9,19.4,Paradip
01-09-2022,0.1,19.8,Paradip
02-09-2022,2.9,19.5,Paradip
03-09-2022,2.8,25.2,Paradip
04-09-2022,13.7,20.4,Paradip
05-09-2022,2.9,18.7,Paradip
06-09-2022,4.3,18.8,Paradip
07-09-2022,6.8,15.6,Paradip
08-09-2022,21.4,26.1,Paradip
09-09-2022,19.1,27.9,Paradip
10-09-2022,36.3,29.8,Paradip
11-09-2022,31.6,32.8,Paradip
12-09-2022,10.4,34.9,Paradip
13-09-2022,19.3,32.1,Paradip
14-09-2022,1.5,29.6,Paradip
15-09-2022,3.4,20.7,Paradip
16-09-2022,5.2,15.6,Paradip
17-09-2022,2.5,15.1,Paradip
18-09-2022,9.3,9.5,Paradip
19-09-2022,10.1,21.7,Paradip
20-09-2022,2.7,20.4,Paradip
21-09-2022,7.4,22.4,Paradip
22-09-2022,8.3,21.7,Paradip
23-09-2022,7.2,15.6,Paradip
24-09-2022,5.7,9.8,Paradip
25-09-2022,2.4,11.2,Paradip
26-09-2022,1.9,11.9,Paradip
27-09-2022,3,16.7,Paradip
28-09-2022,0.7,12.3,Paradip
29-09-2022,5.2,14,Paradip
30-09-2022,1.8,15.6,Paradip
01-10-2022,8.1,26.5,Paradip
02-10-2022,1.9,13.2,Paradip
03-10-2022,22.7,15.7,Paradip
04-10-2022,25.8,25.5,Paradip
05-10-2022,11.7,20.8,Paradip
06-10-2022,40.2,23,Paradip
07-10-2022,4.3,19.8,Paradip
08-10-2022,6.4,16.8,Paradip
09-10-2022,3.1,16.9,Paradip
10-10-2022,3.9,15.6,Paradip
11-10-2022,6.8,15.7,Paradip
12-10-2022,3,15.1,Paradip
13-10-2022,1.1,11.4,Paradip
14-10-2022,7.6,12,Paradip
15-10-2022,1.2,12.9,Paradip
16-10-2022,1.1,16.9,Paradip
17-10-2022,0,21.1,Paradip
18-10-2022,0.4,18,Paradip
19-10-2022,0.7,18.1,Paradip
20-10-2022,0,22.9,Paradip
21-10-2022,0,23.6,Paradip
22-10-2022,0,23.8,Paradip
23-10-2022,22.1,29,Paradip
24-10-2022,0.7,27.3,Paradip
25-10-2022,0,12.6,Paradip
26-10-2022,0.5,10,Paradip
27-10-2022,0,9.4,Paradip
28-10-2022,0,11.9,Paradip
29-10-2022,0,18,Paradip
30-10-2022,0,12,Paradip
31-10-2022,0,16.1,Paradip
01-11-2022,0,15.3,Paradip
02-11-2022,0,16,Paradip
03-11-2022,0.3,10.2,Paradip
04-11-2022,0,11.2,Paradip
05-11-2022,0,12.7,Paradip
06-11-2022,0,12,Paradip
07-11-2022,0,9.6,Paradip
08-11-2022,0,10.1,Paradip
09-11-2022,0,14.1,Paradip
10-11-2022,0.4,17.7,Paradip
11-11-2022,0,14.6,Paradip
12-11-2022,0,14.9,Paradip
13-11-2022,0,15.4,Paradip
14-11-2022,0,15.8,Paradip
15-11-2022,0,13.1,Paradip
16-11-2022,0,15.8,Paradip
17-11-2022,0,19.6,Paradip
18-11-2022,0,22.7,Paradip
19-11-2022,0,25,Paradip
20-11-2022,0,18.7,Paradip
21-11-2022,0,18.6,Paradip
22-11-2022,0,15.3,Paradip
23-11-2022,0,14.4,Paradip
24-11-2022,0,17.9,Paradip
25-11-2022,0,16.8,Paradip
26-11-2022,0,12.4,Paradip
27-11-2022,0,12.6,Paradip
28-11-2022,0,19,Paradip
29-11-2022,0,19.1,Paradip
30-11-2022,0,16.4,Paradip
01-12-2022,0,18.7,Paradip
02-12-2022,0,14,Paradip
03-12-2022,0,14.9,Paradip
04-12-2022,0,15,Paradip
05-12-2022,0,16.7,Paradip
06-12-2022,0,19.7,Paradip
07-12-2022,0,20.9,Paradip
08-12-2022,0,19.9,Paradip
09-12-2022,0,20.1,Paradip
10-12-2022,0,18.4,Paradip
11-12-2022,0,16.2,Paradip
12-12-2022,0,11.2,Paradip
13-12-2022,0,10.7,Paradip
14-12-2022,0,18.2,Paradip
15-12-2022,0,17.4,Paradip
16-12-2022,0,17.8,Paradip
17-12-2022,0,16.8,Paradip
18-12-2022,0,16.4,Paradip
19-12-2022,0,13.7,Paradip
20-12-2022,0,13.9,Paradip
21-12-2022,0,16.1,Paradip
22-12-2022,0,13.3,Paradip
23-12-2022,0,15.9,Paradip
24-12-2022,0,10.3,Paradip
25-12-2022,0,12.1,Paradip
26-12-2022,0,11.9,Paradip
27-12-2022,0,18.7,Paradip
28-12-2022,0,15.7,Paradip
29-12-2022,0.5,15.5,Paradip
30-12-2022,0,11.2,Paradip
31-12-2022,0,14.9,Paradip
01-01-2023,2.5,12.4,Paradip
02-01-2023,2.9,11.6,Paradip
03-01-2023,0,17.4,Paradip
04-01-2023,0,20,Paradip
05-01-2023,0,22.2,Paradip
06-01-2023,0,19.3,Paradip
07-01-2023,0,15.9,Paradip
08-01-2023,0,17.5,Paradip
09-01-2023,0,15.3,Paradip
10-01-2023,0,13.7,Paradip
11-01-2023,0,12,Paradip
12-01-2023,0,14.8,Paradip
13-01-2023,0,20.5,Paradip
14-01-2023,0,20.5,Paradip
15-01-2023,0,13.1,Paradip
16-01-2023,0,18.1,Paradip
17-01-2023,0.5,13.3,Paradip
18-01-2023,2.3,11.5,Paradip
19-01-2023,2.3,18.5,Paradip
20-01-2023,0,14.1,Paradip
21-01-2023,0,12.7,Paradip
22-01-2023,0,12.3,Paradip
23-01-2023,0,11.7,Paradip
24-01-2023,0,11.9,Paradip
25-01-2023,0,10,Paradip
26-01-2023,0,12.4,Paradip
27-01-2023,0,16.4,Paradip
28-01-2023,0,20.1,Paradip
29-01-2023,0,17.8,Paradip
30-01-2023,0,17.1,Paradip
31-01-2023,0,12.9,Paradip
01-02-2023,0,19.9,Paradip
02-02-2023,0,22.4,Paradip
03-02-2023,0,15,Paradip
04-02-2023,0,13.8,Paradip
05-02-2023,0,15.3,Paradip
06-02-2023,0,15.9,Paradip
07-02-2023,0,20.8,Paradip
08-02-2023,0,21.7,Paradip
09-02-2023,0,15.5,Paradip
10-02-2023,0,13.7,Paradip
11-02-2023,0,19.3,Paradip
12-02-2023,0,15.8,Paradip
13-02-2023,0,17.1,Paradip
14-02-2023,0,13.8,Paradip
15-02-2023,0,14.8,Paradip
16-02-2023,1,18.4,Paradip
17-02-2023,2.2,13.3,Paradip
18-02-2023,0,12.8,Paradip
19-02-2023,0,16.2,Paradip
20-02-2023,0,21.7,Paradip
21-02-2023,0,21.2,Paradip
22-02-2023,0,23.3,Paradip
23-02-2023,0,25.7,Paradip
24-02-2023,0,21.5,Paradip
25-02-2023,0,13.8,Paradip
26-02-2023,0,12.7,Paradip
27-02-2023,0,19.1,Paradip
28-02-2023,0,17.5,Paradip
01-03-2023,0,17.3,Paradip
02-03-2023,0,15.3,Paradip
03-03-2023,0,16.3,Paradip
04-03-2023,0,16.3,Paradip
05-03-2023,0,12,Paradip
06-03-2023,0,9.9,Paradip
07-03-2023,0,13.5,Paradip
08-03-2023,0,13.5,Paradip
09-03-2023,0,15.1,Paradip
10-03-2023,0,13.7,Paradip
11-03-2023,0,12.4,Paradip
12-03-2023,0,14,Paradip
13-03-2023,0,16.1,Paradip
14-03-2023,0,16.5,Paradip
15-03-2023,0,16.9,Paradip
16-03-2023,0,19.8,Paradip
17-03-2023,0,13.6,Paradip
18-03-2023,0.6,13.6,Paradip
19-03-2023,13.2,21.2,Paradip
20-03-2023,0.8,30.5,Paradip
21-03-2023,0.9,21.8,Paradip
22-03-2023,0,16.5,Paradip
23-03-2023,0,16.1,Paradip
24-03-2023,2.6,12.2,Paradip
25-03-2023,0.3,20.5,Paradip
26-03-2023,0,23.5,Paradip
27-03-2023,3.9,21.2,Paradip
28-03-2023,0,17.7,Paradip
29-03-2023,2,23.6,Paradip
30-03-2023,1.1,23.4,Paradip
31-03-2023,3.9,19.5,Paradip
01-04-2023,5,17,Paradip
02-04-2023,1.7,18.4,Paradip
03-04-2023,0,21,Paradip
04-04-2023,0,28.3,Paradip
05-04-2023,0,23.9,Paradip
06-04-2023,0.9,13,Paradip
07-04-2023,0,14.5,Paradip
08-04-2023,0,15.3,Paradip
09-04-2023,0,14.8,Paradip
10-04-2023,0.4,17.3,Paradip
11-04-2023,0,13.7,Paradip
12-04-2023,0,15.9,Paradip
13-04-2023,0,16,Paradip
14-04-2023,0,18,Paradip
15-04-2023,0,19.6,Paradip
16-04-2023,0,12.6,Paradip
17-04-2023,0,19.5,Paradip
18-04-2023,0,18.1,Paradip
19-04-2023,0,18.8,Paradip
20-04-2023,0,20.3,Paradip
21-04-2023,0,26.6,Paradip
22-04-2023,0.1,21.6,Paradip
23-04-2023,4.2,15.3,Paradip
24-04-2023,10.8,24.4,Paradip
25-04-2023,0.2,10.1,Paradip
26-04-2023,0,19.1,Paradip
27-04-2023,0,19.9,Paradip
28-04-2023,2,18.7,Paradip
29-04-2023,0,16.3,Paradip
30-04-2023,0,19.2,Paradip
01-05-2023,0.8,17.7,Paradip
02-05-2023,0,15.8,Paradip
03-05-2023,12,21.4,Paradip
04-05-2023,7.2,16.4,Paradip
05-05-2023,1.8,21.6,Paradip
06-05-2023,0.4,17,Paradip
07-05-2023,0,18.9,Paradip
08-05-2023,0,16,Paradip
09-05-2023,0,18.9,Paradip
10-05-2023,0,18.5,Paradip
11-05-2023,0,17.1,Paradip
12-05-2023,0.2,19.8,Paradip
13-05-2023,0.2,28.8,Paradip
14-05-2023,0,21.6,Paradip
15-05-2023,0.1,28.7,Paradip
16-05-2023,3.9,33.7,Paradip
17-05-2023,0.1,28.3,Paradip
18-05-2023,0,32.8,Paradip
19-05-2023,10.3,29.1,Paradip
20-05-2023,0,26.4,Paradip
21-05-2023,0.2,28.2,Paradip
22-05-2023,0,29.8,Paradip
23-05-2023,0,27.7,Paradip
24-05-2023,0,30.2,Paradip
25-05-2023,0.4,31.2,Paradip
26-05-2023,0,28.5,Paradip
27-05-2023,0.5,22.9,Paradip
28-05-2023,0,15.5,Paradip
29-05-2023,0,16.4,Paradip
30-05-2023,0,22.3,Paradip
31-05-2023,2.4,24,Paradip
01-06-2023,0,18.8,Paradip
02-06-2023,0,21.4,Paradip
03-06-2023,0.2,24.4,Paradip
04-06-2023,0.1,24.7,Paradip
05-06-2023,0,17.1,Paradip
06-06-2023,0,23,Paradip
07-06-2023,10.2,31.4,Paradip
08-06-2023,0,21.5,Paradip
09-06-2023,0,25.9,Paradip
10-06-2023,0,20.6,Paradip
11-06-2023,0,18.7,Paradip
12-06-2023,0,23.2,Paradip
13-06-2023,0.8,26.4,Paradip
14-06-2023,0.4,29.9,Paradip
15-06-2023,0,22.9,Paradip
16-06-2023,0,25.7,Paradip
17-06-2023,0,20.4,Paradip
18-06-2023,0.1,26.6,Paradip
19-06-2023,0,25.9,Paradip
20-06-2023,6,27,Paradip
21-06-2023,0,26.1,Paradip
22-06-2023,4.3,25.6,Paradip
23-06-2023,1.2,25.1,Paradip
24-06-2023,27.5,17.7,Paradip
25-06-2023,27.1,21.2,Paradip
26-06-2023,16.2,27.8,Paradip
27-06-2023,5.6,33.4,Paradip
28-06-2023,14.1,34.6,Paradip
29-06-2023,4.1,25.1,Paradip
30-06-2023,3.8,23.9,Paradip
01-07-2023,1.6,28.5,Paradip
02-07-2023,9.6,16.6,Paradip
03-07-2023,2,19.8,Paradip
04-07-2023,0.1,15.9,Paradip
05-07-2023,18.6,13.4,Paradip
06-07-2023,2.8,23.9,Paradip
07-07-2023,2.6,22.8,Paradip
08-07-2023,6.8,21.2,Paradip
09-07-2023,5.7,17.7,Paradip
10-07-2023,0.5,19.4,Paradip
11-07-2023,10,22.3,Paradip
12-07-2023,1.5,20.7,Paradip
13-07-2023,6.9,19.7,Paradip
14-07-2023,6.8,24.2,Paradip
15-07-2023,39.3,23.3,Paradip
16-07-2023,16.4,18.3,Paradip
17-07-2023,8.1,17.1,Paradip
18-07-2023,6.9,15.9,Paradip
19-07-2023,8.7,18.3,Paradip
20-07-2023,2.9,18.7,Paradip
21-07-2023,6.4,20.5,Paradip
22-07-2023,8.1,25.8,Paradip
23-07-2023,9.2,20.2,Paradip
24-07-2023,4.2,22.3,Paradip
25-07-2023,6.7,27.5,Paradip
26-07-2023,5.1,27.3,Paradip
27-07-2023,10.7,30.4,Paradip
28-07-2023,4.9,25,Paradip
29-07-2023,14.6,14.8,Paradip
30-07-2023,39,16.6,Paradip
31-07-2023,29.5,19.8,Paradip
01-08-2023,31.8,23.1,Paradip
02-08-2023,36.7,31.8,Paradip
03-08-2023,3.1,32.9,Paradip
04-08-2023,4.6,29.1,Paradip
05-08-2023,5.7,21.8,Paradip
06-08-2023,11.2,25.5,Paradip
07-08-2023,8.6,20.6,Paradip
08-08-2023,0,18.4,Paradip
09-08-2023,1.7,23,Paradip
10-08-2023,2.2,13.6,Paradip
11-08-2023,0.2,18.4,Paradip
12-08-2023,9.1,20.1,Paradip
13-08-2023,15,12.8,Paradip
14-08-2023,6.7,16.5,Paradip
15-08-2023,1.6,18.3,Paradip
16-08-2023,7.4,15.7,Paradip
17-08-2023,10.5,9.4,Paradip
18-08-2023,31.3,13.9,Paradip
19-08-2023,1.9,24.2,Paradip
20-08-2023,2.7,25,Paradip
21-08-2023,0.4,20.3,Paradip
22-08-2023,2,19.8,Paradip
23-08-2023,11.9,23.2,Paradip
24-08-2023,7.7,20.7,Paradip
25-08-2023,15.7,21,Paradip
26-08-2023,14.3,23.8,Paradip
27-08-2023,1.2,17.5,Paradip
28-08-2023,0,16.3,Paradip
29-08-2023,1.6,12.7,Paradip
30-08-2023,0.4,12.6,Paradip
31-08-2023,2.2,9.5,Paradip
01-09-2023,9.4,11.3,Paradip
02-09-2023,11.9,20.4,Paradip
03-09-2023,6.8,13.9,Paradip
04-09-2023,7.1,11.4,Paradip
05-09-2023,15.6,19.6,Paradip
06-09-2023,2.1,16.2,Paradip
07-09-2023,3.5,18,Paradip
08-09-2023,7.4,27.2,Paradip
09-09-2023,0.5,22.7,Paradip
10-09-2023,1.3,22.3,Paradip
11-09-2023,1.7,21.1,Paradip
12-09-2023,9.1,15.8,Paradip
13-09-2023,84.6,16.5,Paradip
14-09-2023,18.6,27.9,Paradip
15-09-2023,6.5,27.1,Paradip
16-09-2023,17.3,19.2,Paradip
17-09-2023,4.1,6.1,Paradip
18-09-2023,1.3,12,Paradip
19-09-2023,20.9,11.9,Paradip
20-09-2023,12.4,17.3,Paradip
21-09-2023,3.2,27.2,Paradip
22-09-2023,8.2,26.1,Paradip
23-09-2023,2.1,25.2,Paradip
24-09-2023,9,22.2,Paradip
25-09-2023,5.9,17.1,Paradip
26-09-2023,1,13.9,Paradip
27-09-2023,0.3,12.3,Paradip
28-09-2023,1.8,11,Paradip
29-09-2023,0.2,11.4,Paradip
30-09-2023,16.5,18.2,Paradip
01-10-2023,7,19.6,Paradip
02-10-2023,58.3,18.5,Paradip
03-10-2023,43.7,27.6,Paradip
04-10-2023,40,17.1,Paradip
05-10-2023,0.9,20.3,Paradip
06-10-2023,0.8,14.4,Paradip
07-10-2023,0.5,14,Paradip
08-10-2023,2.4,13.4,Paradip
09-10-2023,0,14.1,Paradip
10-10-2023,0,9.3,Paradip
11-10-2023,0,10,Paradip
12-10-2023,0,10.4,Paradip
13-10-2023,0,8.3,Paradip
14-10-2023,0.4,10.5,Paradip
15-10-2023,0,10,Paradip
16-10-2023,0,11.7,Paradip
17-10-2023,1.9,13.3,Paradip
18-10-2023,0.9,10.5,Paradip
19-10-2023,0,16.4,Paradip
20-10-2023,0,18.6,Paradip
21-10-2023,0,18.3,Paradip
22-10-2023,2.6,21.9,Paradip
23-10-2023,33.2,24.9,Paradip
24-10-2023,11.7,25.7,Paradip
25-10-2023,2.3,8.4,Paradip
26-10-2023,1.2,11.1,Paradip
27-10-2023,0.2,14.1,Paradip
28-10-2023,0,11.9,Paradip
29-10-2023,0,14.3,Paradip
30-10-2023,0,15.3,Paradip
31-10-2023,0,14.8,Paradip
01-11-2023,0,13,Paradip
02-11-2023,0,11.7,Paradip
03-11-2023,0.4,10.7,Paradip
04-11-2023,9.9,15.4,Paradip
05-11-2023,2,8.9,Paradip
06-11-2023,0.8,14.3,Paradip
07-11-2023,0,13.1,Paradip
08-11-2023,0,12.5,Paradip
09-11-2023,0,12.3,Paradip
10-11-2023,0,13.5,Paradip
11-11-2023,0,13,Paradip
12-11-2023,0,15.8,Paradip
13-11-2023,0,16.2,Paradip
14-11-2023,0,18.8,Paradip
15-11-2023,0.1,22.9,Paradip
16-11-2023,24.5,27.9,Paradip
17-11-2023,0,28.7,Paradip
18-11-2023,0.8,15.5,Paradip
19-11-2023,0,18.4,Paradip
20-11-2023,0.2,18.1,Paradip
21-11-2023,3.3,9.9,Paradip
22-11-2023,0,15.1,Paradip
23-11-2023,0,13.2,Paradip
24-11-2023,0,15.3,Paradip
25-11-2023,0,17.2,Paradip
26-11-2023,0,15.5,Paradip
27-11-2023,0,12.3,Paradip
28-11-2023,0,12.4,Paradip
29-11-2023,0,11.7,Paradip
30-11-2023,0,13.7,Paradip
01-12-2023,0,20.2,Paradip
02-12-2023,0,22.4,Paradip
03-12-2023,0,20.7,Paradip
04-12-2023,0,17.6,Paradip
05-12-2023,1.5,19.6,Paradip
06-12-2023,13.9,25.6,Paradip
07-12-2023,1.3,22.1,Paradip
08-12-2023,0,15.3,Paradip
09-12-2023,0,12.4,Paradip
10-12-2023,0,9,Paradip
11-12-2023,0,12.3,Paradip
12-12-2023,0,12,Paradip
13-12-2023,0,9.7,Paradip
14-12-2023,0,13.6,Paradip
15-12-2023,0,14,Paradip
16-12-2023,0,13.3,Paradip
17-12-2023,0,15.8,Paradip
18-12-2023,0,13.2,Paradip
19-12-2023,0,16.4,Paradip
20-12-2023,0,14.8,Paradip
21-12-2023,0,12.6,Paradip
22-12-2023,0,11.2,Paradip
23-12-2023,0,11.4,Paradip
24-12-2023,0,9.7,Paradip
25-12-2023,0,11.4,Paradip
26-12-2023,0,13.7,Paradip
27-12-2023,0,11,Paradip
28-12-2023,0,12.8,Paradip
29-12-2023,0,15.7,Paradip
30-12-2023,0,15.6,Paradip
31-12-2023,0,15.3,Paradip
