date,precipitation_sum_mm,wind_speed_max_kmh
01-01-2021,0,18.4
02-01-2021,0,15.2
03-01-2021,0,16.7
04-01-2021,0,16.8
05-01-2021,0,18
06-01-2021,0,15.2
07-01-2021,0,10.9
08-01-2021,0,12.5
09-01-2021,0,13.8
10-01-2021,0,11.4
11-01-2021,0,12.1
12-01-2021,0,13.2
13-01-2021,0,14.1
14-01-2021,0,16
15-01-2021,0.4,16.1
16-01-2021,0,16.3
17-01-2021,0.5,14.3
18-01-2021,1.3,15.6
19-01-2021,0,13.1
20-01-2021,0,16.5
21-01-2021,0,15.7
22-01-2021,0.3,15.8
23-01-2021,0,15.8
24-01-2021,0,16.4
25-01-2021,0,17
26-01-2021,0,16.9
27-01-2021,1.2,13.2
28-01-2021,1,15.2
29-01-2021,1.2,13
30-01-2021,0.3,12.7
31-01-2021,1.7,14.8
01-02-2021,0.5,16.2
02-02-2021,0,15.8
03-02-2021,0,17.8
04-02-2021,0,15.6
05-02-2021,0,16.5
06-02-2021,0,17.6
07-02-2021,0,19
08-02-2021,0,18.1
09-02-2021,0,16.2
10-02-2021,0,14.9
11-02-2021,0,16
12-02-2021,0,15.8
13-02-2021,0,17.6
14-02-2021,0,17.7
15-02-2021,0,18.6
16-02-2021,0,18.7
17-02-2021,0,15.6
18-02-2021,0,15.1
19-02-2021,0,17.2
20-02-2021,1.8,20.8
21-02-2021,0,16.9
22-02-2021,0,16.9
23-02-2021,0,15.4
24-02-2021,0,19.1
25-02-2021,0,18.9
26-02-2021,0,19.1
27-02-2021,0,17.7
28-02-2021,0,16.4
01-03-2021,0,19.4
02-03-2021,0,18.8
03-03-2021,0,15.3
04-03-2021,0,17.4
05-03-2021,0,22.7
06-03-2021,0,21.6
07-03-2021,0,17.7
08-03-2021,0,18
09-03-2021,0,18.8
10-03-2021,0,19.6
11-03-2021,0,20.7
12-03-2021,0,16.2
13-03-2021,0,15.3
14-03-2021,0,14.3
15-03-2021,0,13
16-03-2021,0,17.7
17-03-2021,0,17.9
18-03-2021,0,17.1
19-03-2021,0,18.7
20-03-2021,0,17.2
21-03-2021,0,14.4
22-03-2021,0,14.1
23-03-2021,0,17.2
24-03-2021,0,15.3
25-03-2021,0,15.6
26-03-2021,0,16.3
27-03-2021,0,15.5
28-03-2021,0,18.5
29-03-2021,0,23.9
30-03-2021,0,25.5
31-03-2021,0,29.7
01-04-2021,0,24.9
02-04-2021,0,20.6
03-04-2021,2.5,15.7
04-04-2021,0,16.9
05-04-2021,0.4,14.1
06-04-2021,0,18.7
07-04-2021,0,20.7
08-04-2021,0,22.6
09-04-2021,0,19
10-04-2021,0.4,17
11-04-2021,0,17.7
12-04-2021,0,17.6
13-04-2021,0.2,17.9
14-04-2021,0,18.7
15-04-2021,0,17.1
16-04-2021,0,15.9
17-04-2021,0,19.9
18-04-2021,0.1,20.5
19-04-2021,0,21
20-04-2021,0.7,20.4
21-04-2021,0,22.9
22-04-2021,0,20.8
23-04-2021,0.2,18.2
24-04-2021,0,14.8
25-04-2021,0,18.4
26-04-2021,0,21.4
27-04-2021,0,20.8
28-04-2021,0,20.9
29-04-2021,0.4,21.3
30-04-2021,0.7,18.4
01-05-2021,0.9,19.4
02-05-2021,0,20.3
03-05-2021,0.2,17.3
04-05-2021,0.2,19.9
05-05-2021,0.2,20.9
06-05-2021,0,20.1
07-05-2021,0,18.4
08-05-2021,0.1,19.6
09-05-2021,0.3,19.1
10-05-2021,0,21.8
11-05-2021,0.2,23.4
12-05-2021,0,23.2
13-05-2021,0.2,24.1
14-05-2021,0.2,21.4
15-05-2021,1.1,17.3
16-05-2021,2.3,15.4
17-05-2021,1.2,17
18-05-2021,1.5,22.7
19-05-2021,0.1,25.1
20-05-2021,0.2,21.2
21-05-2021,4.4,17.7
22-05-2021,4.7,17
23-05-2021,0,16
24-05-2021,0,15.2
25-05-2021,0,18
26-05-2021,0,28.5
27-05-2021,0,19.4
28-05-2021,0,16.7
29-05-2021,0,20.8
30-05-2021,0,18.4
31-05-2021,0.4,22.7
01-06-2021,0,20.3
02-06-2021,22.2,17.3
03-06-2021,0.5,18.9
04-06-2021,0.2,22
05-06-2021,0,21.1
06-06-2021,0,21.3
07-06-2021,0,21.7
08-06-2021,0,22.3
09-06-2021,0.9,23
10-06-2021,5.9,16.6
11-06-2021,3.6,20.8
12-06-2021,12.7,20.7
13-06-2021,1.1,21
14-06-2021,12.3,25.3
15-06-2021,0.9,22.6
16-06-2021,1.3,23.6
17-06-2021,12.2,24.9
18-06-2021,4.4,22.3
19-06-2021,0,22.9
20-06-2021,0,25.3
21-06-2021,0,16.7
22-06-2021,0.1,14.3
23-06-2021,6.2,24
24-06-2021,0,25.3
25-06-2021,0.7,16.5
26-06-2021,7,13
27-06-2021,8.7,18.8
28-06-2021,1.4,19.8
29-06-2021,0.5,24.1
30-06-2021,0.6,24
01-07-2021,2.6,27.3
02-07-2021,1.1,21.2
03-07-2021,0.2,19.1
04-07-2021,15.4,18.9
05-07-2021,11.9,14.3
06-07-2021,2.4,17.1
07-07-2021,6.7,20
08-07-2021,2.3,17.6
09-07-2021,2,19.5
10-07-2021,2.6,16.4
11-07-2021,9,15.4
12-07-2021,7.3,21.6
13-07-2021,8.3,16
14-07-2021,3.6,18.8
15-07-2021,6.3,20.8
16-07-2021,5.2,17.2
17-07-2021,1.4,12.8
18-07-2021,6.4,20.1
19-07-2021,3.9,18.6
20-07-2021,7.6,16.6
21-07-2021,14,21.3
22-07-2021,0.7,22.2
23-07-2021,2,26.2
24-07-2021,0.5,22.7
25-07-2021,0.6,23.7
26-07-2021,0.1,24.1
27-07-2021,0,20.8
28-07-2021,0.7,21.1
29-07-2021,1.7,20.3
30-07-2021,1.6,19.6
31-07-2021,0,21.9
01-08-2021,0.5,19.9
02-08-2021,0.3,23.3
03-08-2021,0,16.5
04-08-2021,0,18.7
05-08-2021,0.6,14
06-08-2021,1.5,15.6
07-08-2021,9.5,19.1
08-08-2021,0.3,22.6
09-08-2021,0,19.8
10-08-2021,2.9,20.7
11-08-2021,3.4,14.5
12-08-2021,5.6,13
13-08-2021,24.7,13.8
14-08-2021,16.5,12.3
15-08-2021,55.2,14.4
16-08-2021,10.2,11.4
17-08-2021,14.6,26
18-08-2021,0.2,25.7
19-08-2021,3.7,20.7
20-08-2021,6.9,21
21-08-2021,4.4,18.5
22-08-2021,0.1,18.8
23-08-2021,0.3,20.9
24-08-2021,0,23.7
25-08-2021,1.8,18.6
26-08-2021,3.6,19.4
27-08-2021,18.2,7.6
28-08-2021,11.7,17
29-08-2021,7.2,18.4
30-08-2021,8.6,11.8
31-08-2021,12.8,12.6
01-09-2021,1.8,14.3
02-09-2021,0.2,12.6
03-09-2021,1.1,13.8
04-09-2021,1.7,15.8
05-09-2021,22.9,10.5
06-09-2021,36.2,18
07-09-2021,3.9,24.8
08-09-2021,10.6,23
09-09-2021,2.7,17.7
10-09-2021,12.1,11.9
11-09-2021,5.5,15.6
12-09-2021,5.9,17.4
13-09-2021,5.2,26.7
14-09-2021,0.5,31.7
15-09-2021,1.8,23.6
16-09-2021,1.4,20
17-09-2021,0.2,19.7
18-09-2021,3,17.8
19-09-2021,4.5,14.4
20-09-2021,14.2,12.3
21-09-2021,4,15.8
22-09-2021,3,17.1
23-09-2021,9,16.2
24-09-2021,1.8,11.6
25-09-2021,7.7,11
26-09-2021,58,34.6
27-09-2021,122.3,35.2
28-09-2021,11.2,14.6
29-09-2021,2.6,11.6
30-09-2021,3.5,10.3
01-10-2021,1.2,12.2
02-10-2021,1.9,11.9
03-10-2021,1.3,12.8
04-10-2021,0.6,10.8
05-10-2021,1.1,15
06-10-2021,2.2,14.1
07-10-2021,1,11.1
08-10-2021,2.3,12.3
09-10-2021,2.6,8.1
10-10-2021,3,9.6
11-10-2021,0.4,11.7
12-10-2021,13.9,9.5
13-10-2021,7.1,8.7
14-10-2021,0.4,11.6
15-10-2021,74.4,15
16-10-2021,18.3,12.4
17-10-2021,16.9,9.4
18-10-2021,5.2,15.1
19-10-2021,2.9,14.4
20-10-2021,6.5,10.7
21-10-2021,1.9,10.6
22-10-2021,4.3,9.8
23-10-2021,0.5,10.9
24-10-2021,0.1,10.8
25-10-2021,0.2,10.8
26-10-2021,0.3,14.9
27-10-2021,2.8,19.4
28-10-2021,8.2,22.8
29-10-2021,12.9,22.6
30-10-2021,0.7,17.8
31-10-2021,2.3,16.7
01-11-2021,11.1,18
02-11-2021,21.6,16.9
03-11-2021,15.8,19.6
04-11-2021,7.9,19.7
05-11-2021,0,20.2
06-11-2021,0.1,18.4
07-11-2021,0,15.5
08-11-2021,0,18.5
09-11-2021,0,20.3
10-11-2021,0,23.9
11-11-2021,33.6,25.5
12-11-2021,56.3,16.9
13-11-2021,12.4,12.6
14-11-2021,7.2,13.4
15-11-2021,2,11.9
16-11-2021,6.8,16.9
17-11-2021,0.2,25.7
18-11-2021,0,28.2
19-11-2021,15.2,19.3
20-11-2021,7.8,15.3
21-11-2021,0.6,15.3
22-11-2021,3.4,10.2
23-11-2021,1.2,8.7
24-11-2021,0,16.6
25-11-2021,0.1,18.8
26-11-2021,0.1,16.6
27-11-2021,0,20.8
28-11-2021,0,22.5
29-11-2021,0,17.5
30-11-2021,0,17.9
01-12-2021,0,20
02-12-2021,0,15.6
03-12-2021,15.3,27.5
04-12-2021,93.1,30.2
05-12-2021,0.5,12.3
06-12-2021,0,15.3
07-12-2021,0,19.4
08-12-2021,0.3,20.8
09-12-2021,2.3,19.6
10-12-2021,0,17.3
11-12-2021,0.1,16.1
12-12-2021,0,20.8
13-12-2021,0,19.7
14-12-2021,0,16.3
15-12-2021,0,14.3
16-12-2021,0,15.9
17-12-2021,0,17.1
18-12-2021,0,16.9
19-12-2021,0,12.6
20-12-2021,0,14.8
21-12-2021,0,14.2
22-12-2021,0,10.7
23-12-2021,0.1,11.6
24-12-2021,0.4,12.6
25-12-2021,0,12.8
26-12-2021,0.8,12.9
27-12-2021,0.6,8.9
28-12-2021,0.6,11.8
29-12-2021,0.5,15.8
30-12-2021,0.3,23.4
31-12-2021,0,19.2
01-01-2022,0,17
02-01-2022,0,16.7
03-01-2022,0,17.3
04-01-2022,0,14.5
05-01-2022,0,12.2
06-01-2022,0,11.6
07-01-2022,0,12.3
08-01-2022,0,13
09-01-2022,0,11.6
10-01-2022,0,16.6
11-01-2022,0,11.5
12-01-2022,1.1,15.5
13-01-2022,11,17.3
14-01-2022,5,15.5
15-01-2022,0.4,17.7
16-01-2022,0,20.4
17-01-2022,0,17.7
18-01-2022,0,15
19-01-2022,0,11.5
20-01-2022,0.7,16.8
21-01-2022,0,22.1
22-01-2022,0,15
23-01-2022,1.3,22.7
24-01-2022,1.2,13.4
25-01-2022,0.1,17.7
26-01-2022,0.7,13.4
27-01-2022,0,17.2
28-01-2022,0,18.2
29-01-2022,0,15.7
30-01-2022,0,14
31-01-2022,0,15.1
01-02-2022,0,18.4
02-02-2022,0,19.5
03-02-2022,0,21.3
04-02-2022,1.8,23.1
05-02-2022,0,18.7
06-02-2022,0,17.2
07-02-2022,0,16.4
08-02-2022,0,18.1
09-02-2022,0.1,12.9
10-02-2022,0,13.5
11-02-2022,0,18.9
12-02-2022,0,20.4
13-02-2022,0,18.4
14-02-2022,0,17.4
15-02-2022,0,17.6
16-02-2022,0,16.4
17-02-2022,0,14.6
18-02-2022,0,15.2
19-02-2022,1,14.3
20-02-2022,0,27.5
21-02-2022,0,19
22-02-2022,0,16.1
23-02-2022,0.2,12.6
24-02-2022,0,15.2
25-02-2022,0,13.6
26-02-2022,0,15.1
27-02-2022,0,13
28-02-2022,0,11.2
01-03-2022,0,14.8
02-03-2022,0,15.1
03-03-2022,0,16.5
04-03-2022,0,14.5
05-03-2022,0,17.4
06-03-2022,0,18.1
07-03-2022,0,15.7
08-03-2022,0,17.4
09-03-2022,0,16.3
10-03-2022,0,16.7
11-03-2022,0,16.3
12-03-2022,0,18.1
13-03-2022,0,16
14-03-2022,0,16.1
15-03-2022,0,17
16-03-2022,0,21.5
17-03-2022,0,20.6
18-03-2022,0,16.1
19-03-2022,0,18.2
20-03-2022,0,19.9
21-03-2022,0.4,19.9
22-03-2022,0.2,20.2
23-03-2022,0,19.2
24-03-2022,0.1,25.7
25-03-2022,0,23.7
26-03-2022,0,23.9
27-03-2022,0.1,23.2
28-03-2022,0,22.7
29-03-2022,0,25.7
30-03-2022,0,24.3
31-03-2022,0.4,24
01-04-2022,0.8,24.7
02-04-2022,0,25.2
03-04-2022,0,23.6
04-04-2022,0,22.8
05-04-2022,0,20.2
06-04-2022,0,20.2
07-04-2022,0,17.7
08-04-2022,0,18.7
09-04-2022,0,20.5
10-04-2022,0,21.3
11-04-2022,0,22.2
12-04-2022,0,22
13-04-2022,0,23
14-04-2022,0,23.3
15-04-2022,0,23.9
16-04-2022,0,23.8
17-04-2022,0,21.3
18-04-2022,0,23.3
19-04-2022,0,22.5
20-04-2022,0,24.9
21-04-2022,0,24.1
22-04-2022,0,20.7
23-04-2022,0,21.1
24-04-2022,0,21
25-04-2022,0,21.6
26-04-2022,0,22.7
27-04-2022,0,21.9
28-04-2022,0,24.3
29-04-2022,0,25.1
30-04-2022,0,25.5
01-05-2022,0,24.6
02-05-2022,0,23
03-05-2022,0,23.6
04-05-2022,0,22.7
05-05-2022,0,21.5
06-05-2022,0.7,17.6
07-05-2022,0.2,16.3
08-05-2022,0.2,21.1
09-05-2022,4.6,33.6
10-05-2022,35.3,30
11-05-2022,30.8,24.1
12-05-2022,5.7,16.3
13-05-2022,0.2,17.3
14-05-2022,0.6,17.4
15-05-2022,0.3,16.7
16-05-2022,0.2,18.2
17-05-2022,0.5,17.7
18-05-2022,0.5,21.7
19-05-2022,2.6,22.8
20-05-2022,0.1,20.5
21-05-2022,0,22.6
22-05-2022,0,19.9
23-05-2022,0,15.5
24-05-2022,0,17
25-05-2022,0.2,22.7
26-05-2022,0.4,22.5
27-05-2022,0,19.7
28-05-2022,0,18.5
29-05-2022,0,21.4
30-05-2022,0,18.2
31-05-2022,0.4,16.1
01-06-2022,0,14.8
02-06-2022,0,21.1
03-06-2022,0,16.6
04-06-2022,0,22
05-06-2022,0,23.2
06-06-2022,0,18.8
07-06-2022,0,26.5
08-06-2022,0,19.7
09-06-2022,0,19.3
10-06-2022,0,20.4
11-06-2022,0,24.9
12-06-2022,0,21.1
13-06-2022,0,23.5
14-06-2022,0,14.4
15-06-2022,2.8,19.9
16-06-2022,0.2,20.7
17-06-2022,0.4,20.8
18-06-2022,0.8,21.7
19-06-2022,0,24.8
20-06-2022,5.9,21
21-06-2022,14,17.7
22-06-2022,0.4,17.8
23-06-2022,4.6,20.5
24-06-2022,0.5,25
25-06-2022,14.1,19.4
26-06-2022,12,19.7
27-06-2022,17.2,18.6
28-06-2022,24,19.3
29-06-2022,3.8,21
30-06-2022,2,23.3
01-07-2022,14.4,19.5
02-07-2022,6.8,10.1
03-07-2022,7,12.3
04-07-2022,2.9,20.9
05-07-2022,4.9,21.9
06-07-2022,2.8,21.7
07-07-2022,8.5,14.7
08-07-2022,33.5,18.7
09-07-2022,12.9,25.7
10-07-2022,8.4,24.3
11-07-2022,49.9,26.4
12-07-2022,41,30.2
13-07-2022,17.3,33
14-07-2022,5.5,27.9
15-07-2022,32.6,24.6
16-07-2022,3.2,16.8
17-07-2022,3.2,23.8
18-07-2022,8.5,26.1
19-07-2022,0.2,23.2
20-07-2022,2,24.8
21-07-2022,1.6,22.5
22-07-2022,7.1,15.3
23-07-2022,16.7,21
24-07-2022,8.1,19.7
25-07-2022,1.4,12.7
26-07-2022,13.3,13.7
27-07-2022,2.1,13.7
28-07-2022,0.2,12.6
29-07-2022,1.2,17.1
30-07-2022,0.1,19.7
31-07-2022,0.2,15.5
01-08-2022,1.5,15.3
02-08-2022,2.4,14.4
03-08-2022,0.2,13.9
04-08-2022,4,13.7
05-08-2022,3.7,17.6
06-08-2022,10.4,16.1
07-08-2022,22,20.2
08-08-2022,39.9,28
09-08-2022,13.6,35.3
10-08-2022,0.6,32.1
11-08-2022,0,27.8
12-08-2022,0,20.6
13-08-2022,0.9,20.1
14-08-2022,15.1,28.9
15-08-2022,0.3,29.4
16-08-2022,2.4,21
17-08-2022,0.7,19.9
18-08-2022,0.8,13.7
19-08-2022,19.4,13.7
20-08-2022,0,17.5
21-08-2022,0.5,21.6
22-08-2022,0,21.4
23-08-2022,4.5,16
24-08-2022,6.6,18
25-08-2022,2,13
26-08-2022,0.1,12.7
27-08-2022,8.1,10.9
28-08-2022,7.1,11
29-08-2022,0.6,11.5
30-08-2022,0.5,12.6
31-08-2022,5,13.5
01-09-2022,1.3,13.2
02-09-2022,2,12.7
03-09-2022,0.5,14.7
04-09-2022,3,17.4
05-09-2022,7.1,19
06-09-2022,1.3,14.7
07-09-2022,12.2,16.8
08-09-2022,30.1,24.7
09-09-2022,27.9,20.9
10-09-2022,54.9,16.6
11-09-2022,2.8,30.1
12-09-2022,0.3,30.3
13-09-2022,23,25.6
14-09-2022,1.9,23.9
15-09-2022,0.4,23.5
16-09-2022,0.2,20.9
17-09-2022,0.6,19.8
18-09-2022,5.5,11.9
19-09-2022,13.8,13.6
20-09-2022,13.6,18.9
21-09-2022,1.2,16.7
22-09-2022,8.5,18.4
23-09-2022,13.2,12.5
24-09-2022,12.3,11.1
25-09-2022,15.9,13.3
26-09-2022,1.8,10.8
27-09-2022,6.6,10.6
28-09-2022,9.8,11.6
29-09-2022,18.2,14.4
30-09-2022,14.7,20.3
01-10-2022,13.3,20.1
02-10-2022,9.8,12.3
03-10-2022,6.8,11.4
04-10-2022,10.8,18.1
05-10-2022,42.4,17.3
06-10-2022,38.5,16.9
07-10-2022,23.2,14.7
08-10-2022,16,18.5
09-10-2022,26,18.1
10-10-2022,11.3,12.7
11-10-2022,0.6,12.4
12-10-2022,2.8,12.5
13-10-2022,5.8,9.7
14-10-2022,10.5,18.1
15-10-2022,65.4,18.1
16-10-2022,1.7,13
17-10-2022,0,13.8
18-10-2022,0.2,15.2
19-10-2022,0.9,15
20-10-2022,1.3,17.4
21-10-2022,0.1,20.9
22-10-2022,0,19.9
23-10-2022,0,21.3
24-10-2022,0,11.4
25-10-2022,0,13
26-10-2022,0,10.3
27-10-2022,0,16.2
28-10-2022,0,18.6
29-10-2022,0,14.6
30-10-2022,0,14.6
31-10-2022,0,16.2
01-11-2022,0,14.5
02-11-2022,0,16.6
03-11-2022,1.1,14.1
04-11-2022,2.6,14.7
05-11-2022,0,14
06-11-2022,0,14.9
07-11-2022,0,14.1
08-11-2022,0,15.6
09-11-2022,0,20
10-11-2022,0,22.3
11-11-2022,0,22.4
12-11-2022,0,22.3
13-11-2022,0,17.6
14-11-2022,0,16.8
15-11-2022,0,13.6
16-11-2022,0,14.3
17-11-2022,0,18.4
18-11-2022,0,27.4
19-11-2022,0,19
20-11-2022,0,21.5
21-11-2022,0.7,22.8
22-11-2022,1.5,23.7
23-11-2022,1.2,15.1
24-11-2022,5.5,11.4
25-11-2022,17.1,13.8
26-11-2022,0,14.7
27-11-2022,0,14.6
28-11-2022,0,12.4
29-11-2022,0,15.1
30-11-2022,0,14.8
01-12-2022,0,19.9
02-12-2022,0,16
03-12-2022,0.9,15.2
04-12-2022,0,16.6
05-12-2022,0,15.5
06-12-2022,0,17.3
07-12-2022,0,22.9
08-12-2022,0,26.3
09-12-2022,9.1,25
10-12-2022,18.6,26.6
11-12-2022,18.1,22.8
12-12-2022,0.6,14.5
13-12-2022,0,11.2
14-12-2022,0,9.8
15-12-2022,0,8.7
16-12-2022,0,12.1
17-12-2022,1.1,14.2
18-12-2022,0,17
19-12-2022,0,14.5
20-12-2022,0,14.1
21-12-2022,0,15.9
22-12-2022,0,15.8
23-12-2022,0,22.4
24-12-2022,0,17.4
25-12-2022,0,12.7
26-12-2022,0,10.8
27-12-2022,0.2,12.4
28-12-2022,0.5,12
29-12-2022,0.2,16
30-12-2022,0.3,12.1
31-12-2022,0.1,13.9
01-01-2023,0.9,11
02-01-2023,1.8,11.6
03-01-2023,1.1,14.1
04-01-2023,3.9,14.9
05-01-2023,0.2,19.8
06-01-2023,0,17.6
07-01-2023,0,16.1
08-01-2023,0,15
09-01-2023,0,12.2
10-01-2023,0,12.9
11-01-2023,0,12
12-01-2023,0,16.9
13-01-2023,0,16.2
14-01-2023,0,14.9
15-01-2023,0,16.3
16-01-2023,0,15.5
17-01-2023,0,18.7
18-01-2023,0,17.7
19-01-2023,0,17.6
20-01-2023,0.3,14.8
21-01-2023,0,17.6
22-01-2023,0,15.9
23-01-2023,0,13.6
24-01-2023,0,11
25-01-2023,0,12.4
26-01-2023,0,14.2
27-01-2023,0,12.4
28-01-2023,0,12.8
29-01-2023,0,17.5
30-01-2023,0,19.8
31-01-2023,0,17.8
01-02-2023,0,18.4
02-02-2023,0,20.4
03-02-2023,0,17.3
04-02-2023,0,15
05-02-2023,0,15.2
06-02-2023,0,14.7
07-02-2023,0,17.6
08-02-2023,0,18.4
09-02-2023,0,16.9
10-02-2023,0,16.7
11-02-2023,0,16.8
12-02-2023,0,17.8
13-02-2023,0,19.6
14-02-2023,0,14.9
15-02-2023,0,17.7
16-02-2023,0,16.8
17-02-2023,0,19.9
18-02-2023,0.1,14.3
19-02-2023,0.5,17.8
20-02-2023,0,18.4
21-02-2023,0,18
22-02-2023,0,18.4
23-02-2023,0,21
24-02-2023,0,17.3
25-02-2023,0,14.4
26-02-2023,0,18.3
27-02-2023,0,16.6
28-02-2023,0,16.9
01-03-2023,0,13.3
02-03-2023,0,16.3
03-03-2023,0,15.2
04-03-2023,0,16.7
05-03-2023,0,17.8
06-03-2023,0,19.1
07-03-2023,0,17.8
08-03-2023,0,15.1
09-03-2023,0,15.3
10-03-2023,0,14.5
11-03-2023,0,16.6
12-03-2023,0,13.6
13-03-2023,0,14.5
14-03-2023,0,16.2
15-03-2023,0,16.6
16-03-2023,2.6,15.5
17-03-2023,4,18.9
18-03-2023,16.8,17.7
19-03-2023,19.3,13.3
20-03-2023,1.7,19.6
21-03-2023,5.6,20.7
22-03-2023,1.3,18.3
23-03-2023,7.4,19.5
24-03-2023,0.4,15.2
25-03-2023,3.7,13.2
26-03-2023,0,18.1
27-03-2023,2.4,20
28-03-2023,0.7,18.9
29-03-2023,0,21.2
30-03-2023,0,22
31-03-2023,0.3,21.9
01-04-2023,7.5,19.9
02-04-2023,4,22
03-04-2023,0,20.4
04-04-2023,2.2,22.1
05-04-2023,0.1,20.2
06-04-2023,0,19.4
07-04-2023,0,14.9
08-04-2023,0,15.1
09-04-2023,0,17.7
10-04-2023,0,16.4
11-04-2023,0,18.8
12-04-2023,0,18
13-04-2023,0,20
14-04-2023,0,23.7
15-04-2023,0,18.4
16-04-2023,0,18.1
17-04-2023,0,22.3
18-04-2023,0,23.2
19-04-2023,0,22.3
20-04-2023,0,20.2
21-04-2023,0.1,15.6
22-04-2023,0,20.8
23-04-2023,13.5,16.7
24-04-2023,4.5,13
25-04-2023,6.2,11.6
26-04-2023,0.3,13.3
27-04-2023,0.4,12.9
28-04-2023,1,15.7
29-04-2023,0,16.1
30-04-2023,0,18.4
01-05-2023,18.5,13.1
02-05-2023,11.9,11.1
03-05-2023,12.3,12.9
04-05-2023,7.3,11.9
05-05-2023,3.6,17.4
06-05-2023,1.2,12.5
07-05-2023,0.3,13.5
08-05-2023,0,17.2
09-05-2023,0,13.7
10-05-2023,0,13.4
11-05-2023,0,14.6
12-05-2023,0,18.4
13-05-2023,0,21.8
14-05-2023,0.1,15
15-05-2023,0,17.8
16-05-2023,0,14.1
17-05-2023,0,21.7
18-05-2023,0,23.7
19-05-2023,0,22.4
20-05-2023,0,24.1
21-05-2023,0,23.1
22-05-2023,11.4,25.3
23-05-2023,0,21.9
24-05-2023,2.2,28.9
25-05-2023,23.3,25.3
26-05-2023,0,24.2
27-05-2023,0,16.1
28-05-2023,0,14.9
29-05-2023,0.6,19.1
30-05-2023,3.8,23
31-05-2023,0,16.2
01-06-2023,0.3,16.4
02-06-2023,0,19.7
03-06-2023,0,20.6
04-06-2023,0.4,21
05-06-2023,0.3,16.6
06-06-2023,18.5,13.8
07-06-2023,0.1,21.4
08-06-2023,0.5,21.4
09-06-2023,0,22.3
10-06-2023,0,27.2
11-06-2023,0,24.4
12-06-2023,1.4,21.4
13-06-2023,0,24.9
14-06-2023,0,23.9
15-06-2023,0,15.8
16-06-2023,0,13.7
17-06-2023,0,18.3
18-06-2023,0.6,21.2
19-06-2023,33.2,15.1
20-06-2023,2.9,19.6
21-06-2023,4.4,20.8
22-06-2023,16.9,25.8
23-06-2023,12.3,23.2
24-06-2023,8.9,19.7
25-06-2023,4.9,21.4
26-06-2023,0.9,28.7
27-06-2023,2.4,25.7
28-06-2023,0.2,20.7
29-06-2023,0.6,18.9
30-06-2023,0,20.6
01-07-2023,0,18.7
02-07-2023,0,16.2
03-07-2023,2,17.3
04-07-2023,5.8,13.3
05-07-2023,6.9,14.5
06-07-2023,4.7,21.7
07-07-2023,1.1,23.9
08-07-2023,0.4,22.9
09-07-2023,1.6,13.9
10-07-2023,17.4,16.4
11-07-2023,11.9,15.1
12-07-2023,18.7,17.6
13-07-2023,5.7,21
14-07-2023,0.3,20.1
15-07-2023,4.2,19
16-07-2023,2.6,19.1
17-07-2023,28.9,19.9
18-07-2023,11.7,25.1
19-07-2023,23.2,32.4
20-07-2023,10.4,28.5
21-07-2023,15.8,21.5
22-07-2023,17.9,18.4
23-07-2023,17.7,18.7
24-07-2023,52.6,17.6
25-07-2023,66.4,14.3
26-07-2023,71.3,19.2
27-07-2023,0.7,33.1
28-07-2023,0.5,26.3
29-07-2023,5,17.4
30-07-2023,5.6,13
31-07-2023,6.4,16.3
01-08-2023,7.7,17.4
02-08-2023,2.4,23.4
03-08-2023,0.1,23.5
04-08-2023,0.8,22.9
05-08-2023,0.4,20.6
06-08-2023,4.5,23.3
07-08-2023,0.2,19.5
08-08-2023,1.1,20.9
09-08-2023,0.7,16.9
10-08-2023,1.1,16.1
11-08-2023,0.6,11.4
12-08-2023,1.2,14.6
13-08-2023,0.9,15.5
14-08-2023,1.1,13.4
15-08-2023,1.2,16.8
16-08-2023,2.3,18.9
17-08-2023,19.1,11.2
18-08-2023,12.9,15.1
19-08-2023,3.5,21.9
20-08-2023,0.9,22.9
21-08-2023,3.3,17.6
22-08-2023,11.6,18.7
23-08-2023,17.2,25.8
24-08-2023,0.8,22.2
25-08-2023,8.4,19.4
26-08-2023,42.8,15
27-08-2023,1.3,20.8
28-08-2023,10.2,14.8
29-08-2023,1,9.2
30-08-2023,0.8,9.9
31-08-2023,3.3,9.4
01-09-2023,0.3,13.4
02-09-2023,27.6,16
03-09-2023,40.3,13.6
04-09-2023,24.1,10.6
05-09-2023,8.5,12.5
06-09-2023,26.1,10.4
07-09-2023,14.5,20.2
08-09-2023,3.7,21.2
09-09-2023,2,18.9
10-09-2023,6.6,18.6
11-09-2023,5.1,11.6
12-09-2023,17.9,13.8
13-09-2023,18.2,15.5
14-09-2023,1.6,20.4
15-09-2023,1.1,22.9
16-09-2023,2,16.4
17-09-2023,4,13.4
18-09-2023,2.3,8.2
19-09-2023,4.4,15.3
20-09-2023,3.8,14.1
21-09-2023,1.7,22.2
22-09-2023,0.6,21.8
23-09-2023,2,20.3
24-09-2023,2.6,16.3
25-09-2023,8,10
26-09-2023,6.3,12
27-09-2023,5.8,10.3
28-09-2023,1.9,8.4
29-09-2023,2,14.8
30-09-2023,10,14.7
01-10-2023,0.7,20.2
02-10-2023,0.8,19.7
03-10-2023,14.7,20.1
04-10-2023,0,16.4
05-10-2023,0,13.4
06-10-2023,0,12.6
07-10-2023,0.2,9
08-10-2023,1.1,12.4
09-10-2023,1.1,14
10-10-2023,0.3,10.8
11-10-2023,0,11.5
12-10-2023,0,12.7
13-10-2023,0,11.5
14-10-2023,0,12.6
15-10-2023,0,12.8
16-10-2023,0,14.5
17-10-2023,0.1,14.6
18-10-2023,0,12.1
19-10-2023,2.4,16.4
20-10-2023,0.8,21.4
21-10-2023,0.4,22.7
22-10-2023,0,23.5
23-10-2023,0.8,21.3
24-10-2023,0.3,16
25-10-2023,3.9,11.7
26-10-2023,1.7,13.2
27-10-2023,1.2,14.5
28-10-2023,0,14.2
29-10-2023,0.3,15.6
30-10-2023,0,17.7
31-10-2023,0,19.3
01-11-2023,3.7,20.8
02-11-2023,9.2,17
03-11-2023,8.4,12.8
04-11-2023,9.7,9.2
05-11-2023,2.8,11.6
06-11-2023,1.3,16.4
07-11-2023,3.2,16.9
08-11-2023,0.1,12.6
09-11-2023,0,15.6
10-11-2023,0,13.6
11-11-2023,0,15.3
12-11-2023,0,16.7
13-11-2023,0,18.9
14-11-2023,0,21.8
15-11-2023,0,24
16-11-2023,0,20.3
17-11-2023,0,16.9
18-11-2023,0.3,17.7
19-11-2023,0.1,19.5
20-11-2023,29.7,21.3
21-11-2023,7,15.8
22-11-2023,0.3,15.8
23-11-2023,0.6,16
24-11-2023,0,17.8
25-11-2023,0.2,20.4
26-11-2023,0,19.1
27-11-2023,0,16.9
28-11-2023,0,16.2
29-11-2023,0,17.4
30-11-2023,0,18.6
01-12-2023,0,23.7
02-12-2023,0,26
03-12-2023,6.9,27.1
04-12-2023,28.4,21.4
05-12-2023,58.5,19
06-12-2023,43.5,20.2
07-12-2023,4.6,10.8
08-12-2023,0.3,10
09-12-2023,0,12.7
10-12-2023,0.3,13.9
11-12-2023,0.2,12.4
12-12-2023,0,14.3
13-12-2023,0,12.7
14-12-2023,0,15.3
15-12-2023,0,16.4
16-12-2023,0,15.7
17-12-2023,0,16.2
18-12-2023,0,15.4
19-12-2023,0,15.3
20-12-2023,0,14.7
21-12-2023,0,11.5
22-12-2023,0,11.5
23-12-2023,0,13.8
24-12-2023,0,13.7
25-12-2023,0,14.4
26-12-2023,0,12.3
27-12-2023,0,13.1
28-12-2023,0,14.6
29-12-2023,0.2,15.3
30-12-2023,0,15.1
31-12-2023,0,15
